{
    "af-ZA": "Gekopieer",
    "sq-AL": "Kopjuar",
    "am-ET": "ቅዳ",
    "ar-SA": "تم النسخ",
    "hy-AM": "Պատճենված է",
    "az-AZ": "Kopyalandı",
    "eu-ES": "Kopiatuta",
    "bn-BD": "কপি করা হয়েছে",
    "bs-BA": "Kopirano",
    "bg-BG": "Копирано",
    "ca-ES": "Copiat",
    "zh-CN": "已复制",
    "zh-TW": "已複製",
    "hr-HR": "Kopirano",
    "cs-CZ": "Zkopírováno",
    "da-DK": "Kopieret",
    "nl-NL": "Gekopieerd",
    "en-US": "Copied",
    "en-GB": "Copied",
    "et-EE": "Kopeeritud",
    "fi-FI": "Kopioitu",
    "fr-FR": "Copié",
    "gl-ES": "Copiado",
    "ka-GE": "კოპირებულია",
    "de-DE": "Kopiert",
    "el-GR": "Αντιγράφηκε",
    "gu-IN": "કૉપિ થયું",
    "ht-HT": "Kopiye",
    "he-IL": "הועתק",
    "hi-IN": "कॉपी किया गया",
    "hu-HU": "Másolva",
    "is-IS": "Afritað",
    "id-ID": "Disalin",
    "ga-IE": "Cóipeáilte",
    "it-IT": "Copiato",
    "ja-JP": "コピーしました",
    "kn-IN": "ನಕಲಿಸಲಾಗಿದೆ",
    "kk-KZ": "Көшірілді",
    "km-KH": "បានចម្លង",
    "ko-KR": "복사됨",
    "ku-TR": "Kopîkirî",
    "ky-KG": "Көчүрүлдү",
    "lo-LA": "ຄັດລອກແລ້ວ",
    "lv-LV": "Kopēts",
    "lt-LT": "Nukopijuota",
    "mk-MK": "Копирано",
    "ml-IN": "പകർത്തിയിരിക്കുന്നു",
    "mn-MN": "Хуулсан",
    "mr-IN": "कॉपी केले",
    "my-MM": "ကူးယူပြီး",
    "ne-NP": "प्रतिलिपि गरिएको छ",
    "no-NO": "Kopiert",
    "ps-AF": "کاپي شوی",
    "fa-IR": "کپی شد",
    "pl-PL": "Skopiowano",
    "pt-BR": "Copiado",
    "pt-PT": "Copiado",
    "pa-IN": "ਕਾਪੀ ਕੀਤਾ",
    "ro-RO": "Copiat",
    "ru-RU": "Скопировано",
    "sr-RS": "Копирано",
    "si-LK": "පිටපත් කර ඇත",
    "sk-SK": "Skopírované",
    "sl-SI": "Kopirano",
    "es-ES": "Copiado",
    "es-MX": "Copiado",
    "sw-KE": "Imenakiliwa",
    "sv-SE": "Kopierad",
    "ta-IN": "நகலெடுக்கப்பட்டது",
    "te-IN": "కాపీ చేయబడింది",
    "th-TH": "คัดลอกแล้ว",
    "tr-TR": "Kopyalandı",
    "uk-UA": "Скопійовано",
    "ur-PK": "کاپی کیا گیا",
    "uz-UZ": "Nusxalandi",
    "vi-VN": "Đã sao chép",
    "cy-GB": "Wedi'i gopïo",
    "xh-ZA": "Ikopiwe",
    "yi-YD": "קאַפּירט",
    "zu-ZA": "Ikhopishiwe"
  }
  